{
  "version": "7",
  "dialect": "mysql",
  "entries": [
    {
      "idx": 0,
      "version": "5",
      "when": 1767364369905,
      "tag": "0000_bizarre_makkari",
      "breakpoints": true
    },
    {
      "idx": 1,
      "version": "5",
      "when": 1767364579776,
      "tag": "0001_eager_barracuda",
      "breakpoints": true
    },
    {
      "idx": 2,
      "version": "5",
      "when": 1767365029200,
      "tag": "0002_modern_unicorn",
      "breakpoints": true
    },
    {
      "idx": 3,
      "version": "5",
      "when": 1767367176462,
      "tag": "0003_secret_night_thrasher",
      "breakpoints": true
    },
    {
      "idx": 4,
      "version": "5",
      "when": 1767372959733,
      "tag": "0004_stiff_fixer",
      "breakpoints": true
    },
    {
      "idx": 5,
      "version": "5",
      "when": 1767537603330,
      "tag": "0005_brief_secret_warriors",
      "breakpoints": true
    }
  ]
}